Model,MSE,R2
Linear Regression,19073975739.343433,0.8738299341572144
Decision Tree,1901278180.7168634,0.9874234718275491
Random Forest,752862475.1931412,0.9950199838060111
Gradient Boosting,470625233.3264089,0.9968869197755353
